name,address,category,area,phone
맛집 1,동작구 1번길 74,중식,마포구,02-6194-2215
맛집 2,강서구 2번길 60,냉면,성동구,02-3102-3981
맛집 3,마포구 3번길 56,냉면,강남구,02-3034-9488
맛집 4,마포구 4번길 39,일식,마포구,02-6286-4694
맛집 5,성동구 5번길 67,카페,서초구,02-5105-4216
맛집 6,노원구 6번길 36,일식,중구,02-9740-2530
맛집 7,노원구 7번길 83,일식,송파구,02-3526-3804
맛집 8,송파구 8번길 93,국수,성동구,02-1674-1464
맛집 9,서초구 9번길 6,국수,중구,02-4453-7825
맛집 10,송파구 10번길 82,한식,강서구,02-9938-5745
맛집 11,중구 11번길 62,분식,동작구,02-5873-8430
맛집 12,서초구 12번길 89,한식,마포구,02-8202-7809
맛집 13,강서구 13번길 60,분식,성동구,02-3353-6121
맛집 14,성동구 14번길 94,족발,동작구,02-3142-7070
맛집 15,노원구 15번길 72,중식,성동구,02-4960-8642
맛집 16,서초구 16번길 35,설렁탕,용산구,02-3308-2586
맛집 17,강남구 17번길 38,보쌈,송파구,02-7850-5067
맛집 18,마포구 18번길 42,국수,성동구,02-4110-3610
맛집 19,강서구 19번길 66,설렁탕,강서구,02-6055-9148
맛집 20,강남구 20번길 12,보쌈,노원구,02-8491-4944
맛집 21,용산구 21번길 75,족발,강남구,02-1828-5609
맛집 22,강서구 22번길 77,설렁탕,중구,02-9793-1133
맛집 23,서초구 23번길 56,일식,중구,02-6992-7606
맛집 24,성동구 24번길 6,보쌈,강남구,02-4189-6939
맛집 25,노원구 25번길 37,중식,동작구,02-9261-8378
맛집 26,노원구 26번길 36,국수,송파구,02-2946-3108
맛집 27,서초구 27번길 51,족발,성동구,02-6990-3363
맛집 28,용산구 28번길 78,냉면,동작구,02-9193-1659
맛집 29,강남구 29번길 5,일식,성동구,02-8761-9508
맛집 30,강서구 30번길 20,국수,노원구,02-3290-6373
맛집 31,송파구 31번길 41,일식,동작구,02-5902-6511
맛집 32,노원구 32번길 66,냉면,강서구,02-5911-8780
맛집 33,강남구 33번길 48,족발,서초구,02-7824-6040
맛집 34,강남구 34번길 77,설렁탕,중구,02-4728-1841
맛집 35,송파구 35번길 62,일식,노원구,02-7229-3421
맛집 36,용산구 36번길 5,국수,서초구,02-4125-1310
맛집 37,강서구 37번길 41,보쌈,마포구,02-7765-4340
맛집 38,동작구 38번길 65,국수,강서구,02-2020-3262
맛집 39,노원구 39번길 27,냉면,성동구,02-8837-9609
맛집 40,동작구 40번길 41,일식,강서구,02-9734-6608
맛집 41,노원구 41번길 46,카페,송파구,02-8932-4150
맛집 42,용산구 42번길 36,냉면,중구,02-4684-5876
맛집 43,중구 43번길 91,분식,강서구,02-6194-8861
맛집 44,성동구 44번길 72,카페,중구,02-2996-9899
맛집 45,동작구 45번길 51,족발,마포구,02-5758-1689
맛집 46,중구 46번길 92,중식,성동구,02-8247-5201
맛집 47,강서구 47번길 28,분식,노원구,02-5442-5450
맛집 48,마포구 48번길 14,국수,송파구,02-4920-4972
맛집 49,강남구 49번길 86,냉면,용산구,02-4814-1860
맛집 50,서초구 50번길 53,족발,강서구,02-2647-3252
맛집 51,강남구 51번길 71,일식,동작구,02-8793-8822
맛집 52,용산구 52번길 97,카페,성동구,02-5676-1969
맛집 53,서초구 53번길 84,국수,용산구,02-9767-1611
맛집 54,마포구 54번길 54,일식,강남구,02-7504-9116
맛집 55,마포구 55번길 96,카페,강남구,02-1151-5888
맛집 56,송파구 56번길 78,중식,성동구,02-5662-8444
맛집 57,노원구 57번길 68,설렁탕,마포구,02-9261-8668
맛집 58,중구 58번길 25,중식,성동구,02-3662-8518
맛집 59,중구 59번길 92,일식,강남구,02-6523-5833
맛집 60,송파구 60번길 87,분식,마포구,02-7643-8007
맛집 61,노원구 61번길 42,중식,동작구,02-2562-4027
맛집 62,마포구 62번길 62,족발,용산구,02-1111-5272
맛집 63,동작구 63번길 31,설렁탕,중구,02-6400-5947
맛집 64,송파구 64번길 93,국수,강남구,02-5285-6890
맛집 65,용산구 65번길 8,중식,강서구,02-6026-3616
맛집 66,동작구 66번길 88,냉면,중구,02-2923-5833
맛집 67,성동구 67번길 79,분식,용산구,02-3188-8834
맛집 68,마포구 68번길 59,국수,성동구,02-7813-9998
맛집 69,강서구 69번길 97,냉면,용산구,02-5054-2341
맛집 70,노원구 70번길 58,냉면,성동구,02-2279-2838
맛집 71,강남구 71번길 71,냉면,용산구,02-9792-3455
맛집 72,마포구 72번길 42,냉면,강서구,02-2904-4365
맛집 73,송파구 73번길 63,중식,노원구,02-8298-1911
맛집 74,강서구 74번길 17,냉면,동작구,02-8484-1945
맛집 75,노원구 75번길 60,카페,강남구,02-7487-5169
맛집 76,강남구 76번길 96,분식,송파구,02-2196-1742
맛집 77,동작구 77번길 45,중식,노원구,02-1987-2130
맛집 78,강서구 78번길 5,카페,동작구,02-3948-3218
맛집 79,동작구 79번길 48,보쌈,강서구,02-7184-7154
맛집 80,서초구 80번길 88,냉면,마포구,02-6697-2943
맛집 81,마포구 81번길 69,보쌈,노원구,02-3086-4648
맛집 82,강남구 82번길 97,한식,중구,02-8585-9920
맛집 83,동작구 83번길 69,보쌈,용산구,02-5055-8546
맛집 84,성동구 84번길 20,카페,용산구,02-2848-1527
맛집 85,동작구 85번길 79,한식,용산구,02-4376-2102
맛집 86,서초구 86번길 77,한식,강서구,02-1797-5009
맛집 87,강남구 87번길 52,설렁탕,용산구,02-9843-4559
맛집 88,강남구 88번길 18,냉면,중구,02-4836-6224
맛집 89,송파구 89번길 77,족발,용산구,02-5944-3347
맛집 90,노원구 90번길 29,보쌈,중구,02-5508-1998
맛집 91,노원구 91번길 76,일식,동작구,02-9120-1768
맛집 92,성동구 92번길 83,보쌈,노원구,02-6222-7821
맛집 93,동작구 93번길 20,카페,동작구,02-4012-9813
맛집 94,강서구 94번길 31,분식,중구,02-3365-8586
맛집 95,강남구 95번길 72,보쌈,동작구,02-9683-3196
맛집 96,동작구 96번길 32,카페,용산구,02-6411-2295
맛집 97,강서구 97번길 48,중식,노원구,02-4120-1844
맛집 98,중구 98번길 49,국수,송파구,02-1647-2192
맛집 99,용산구 99번길 98,국수,노원구,02-4555-8854
맛집 100,용산구 100번길 43,카페,강남구,02-4470-4113
맛집 101,서초구 101번길 96,설렁탕,용산구,02-4350-7498
맛집 102,용산구 102번길 71,족발,중구,02-7236-8639
맛집 103,노원구 103번길 84,족발,중구,02-5285-6892
맛집 104,노원구 104번길 64,설렁탕,서초구,02-8692-6246
맛집 105,용산구 105번길 48,족발,동작구,02-1749-4625
맛집 106,마포구 106번길 3,카페,노원구,02-7841-5836
맛집 107,마포구 107번길 26,족발,용산구,02-7223-5026
맛집 108,강서구 108번길 71,족발,중구,02-9005-9037
맛집 109,강서구 109번길 22,족발,마포구,02-3293-9954
맛집 110,강서구 110번길 24,냉면,강남구,02-9584-1554
맛집 111,서초구 111번길 86,한식,강남구,02-7756-3252
맛집 112,용산구 112번길 9,일식,강남구,02-4583-9285
맛집 113,강서구 113번길 48,한식,송파구,02-8916-8993
맛집 114,강남구 114번길 1,냉면,노원구,02-7739-1194
맛집 115,강남구 115번길 68,카페,노원구,02-5697-1280
맛집 116,노원구 116번길 90,보쌈,마포구,02-2753-2578
맛집 117,노원구 117번길 20,분식,용산구,02-9625-5135
맛집 118,성동구 118번길 35,보쌈,서초구,02-7112-7652
맛집 119,강서구 119번길 73,분식,용산구,02-5914-2320
맛집 120,강남구 120번길 12,보쌈,동작구,02-7179-8798
맛집 121,강남구 121번길 82,한식,마포구,02-2354-9189
맛집 122,동작구 122번길 83,족발,송파구,02-2562-9653
맛집 123,강남구 123번길 30,분식,송파구,02-8790-5441
맛집 124,강남구 124번길 10,카페,노원구,02-1539-3938
맛집 125,성동구 125번길 3,분식,송파구,02-3362-7525
맛집 126,서초구 126번길 39,일식,송파구,02-4939-7375
맛집 127,노원구 127번길 43,보쌈,마포구,02-2284-9204
맛집 128,성동구 128번길 7,중식,동작구,02-4803-2245
맛집 129,성동구 129번길 78,국수,송파구,02-7499-6347
맛집 130,강남구 130번길 82,카페,강서구,02-9038-4737
맛집 131,성동구 131번길 71,보쌈,동작구,02-4043-7227
맛집 132,서초구 132번길 99,국수,중구,02-5037-2204
맛집 133,서초구 133번길 35,일식,동작구,02-3527-7383
맛집 134,성동구 134번길 47,중식,서초구,02-1085-6050
맛집 135,강서구 135번길 47,카페,서초구,02-3170-2430
맛집 136,마포구 136번길 56,설렁탕,노원구,02-9395-7685
맛집 137,서초구 137번길 4,중식,성동구,02-2524-6315
맛집 138,동작구 138번길 2,카페,동작구,02-7353-2387
맛집 139,노원구 139번길 32,국수,노원구,02-3778-7237
맛집 140,마포구 140번길 18,카페,중구,02-5397-9079
맛집 141,마포구 141번길 9,일식,동작구,02-5521-7899
맛집 142,중구 142번길 62,중식,성동구,02-5123-5040
맛집 143,강서구 143번길 77,국수,용산구,02-8501-2752
맛집 144,마포구 144번길 39,한식,동작구,02-6443-7224
맛집 145,성동구 145번길 57,족발,동작구,02-3230-5922
맛집 146,성동구 146번길 78,분식,강서구,02-6147-3910
맛집 147,동작구 147번길 41,카페,강서구,02-4971-6339
맛집 148,동작구 148번길 36,보쌈,성동구,02-2865-4273
맛집 149,송파구 149번길 70,일식,노원구,02-1440-8563
맛집 150,용산구 150번길 57,카페,서초구,02-7703-9180
맛집 151,마포구 151번길 82,카페,용산구,02-5139-3525
맛집 152,동작구 152번길 49,중식,강서구,02-8851-7566
맛집 153,노원구 153번길 65,보쌈,노원구,02-1602-6890
맛집 154,노원구 154번길 77,중식,서초구,02-5067-6816
맛집 155,마포구 155번길 83,국수,강남구,02-7547-6432
맛집 156,동작구 156번길 14,한식,서초구,02-5239-4637
맛집 157,노원구 157번길 96,냉면,노원구,02-4621-8303
맛집 158,성동구 158번길 51,설렁탕,송파구,02-9199-3469
맛집 159,성동구 159번길 4,설렁탕,서초구,02-5840-7815
맛집 160,서초구 160번길 15,일식,성동구,02-6110-6620
맛집 161,강서구 161번길 27,냉면,강서구,02-6706-8801
맛집 162,서초구 162번길 57,설렁탕,성동구,02-2100-5919
맛집 163,강남구 163번길 91,중식,강남구,02-6620-2791
맛집 164,마포구 164번길 95,분식,노원구,02-3858-3623
맛집 165,성동구 165번길 72,보쌈,강서구,02-4798-7636
맛집 166,마포구 166번길 24,보쌈,동작구,02-1478-4232
맛집 167,강서구 167번길 76,보쌈,동작구,02-1072-4519
맛집 168,용산구 168번길 36,중식,송파구,02-2667-9796
맛집 169,마포구 169번길 47,족발,용산구,02-8496-2867
맛집 170,중구 170번길 86,설렁탕,노원구,02-6134-7367
맛집 171,송파구 171번길 51,국수,서초구,02-6700-6766
맛집 172,강서구 172번길 80,일식,중구,02-2388-3194
맛집 173,성동구 173번길 16,분식,중구,02-2916-3999
맛집 174,성동구 174번길 89,일식,노원구,02-7364-7852
맛집 175,송파구 175번길 18,국수,동작구,02-7931-4043
맛집 176,강서구 176번길 82,냉면,마포구,02-3733-9022
맛집 177,중구 177번길 18,일식,성동구,02-8389-1878
맛집 178,성동구 178번길 2,설렁탕,마포구,02-4196-7290
맛집 179,노원구 179번길 65,설렁탕,동작구,02-9056-7809
맛집 180,강서구 180번길 63,일식,서초구,02-1505-4613
맛집 181,중구 181번길 5,카페,용산구,02-9808-5729
맛집 182,마포구 182번길 100,설렁탕,송파구,02-9115-9369
맛집 183,서초구 183번길 74,중식,중구,02-9898-7010
맛집 184,노원구 184번길 97,한식,강서구,02-9951-4580
맛집 185,동작구 185번길 14,분식,중구,02-1528-8368
맛집 186,중구 186번길 45,중식,강서구,02-2923-4882
맛집 187,용산구 187번길 95,국수,성동구,02-8015-3719
맛집 188,송파구 188번길 18,분식,용산구,02-1972-6747
맛집 189,노원구 189번길 36,국수,노원구,02-3758-6302
맛집 190,중구 190번길 38,국수,중구,02-9428-2560
맛집 191,마포구 191번길 97,보쌈,강남구,02-5543-3078
맛집 192,마포구 192번길 32,일식,성동구,02-5055-7434
맛집 193,강서구 193번길 19,국수,중구,02-7786-7146
맛집 194,강서구 194번길 10,중식,동작구,02-9447-5558
맛집 195,성동구 195번길 59,설렁탕,성동구,02-1040-2526
맛집 196,강서구 196번길 82,족발,서초구,02-9756-7516
맛집 197,용산구 197번길 55,분식,강서구,02-5399-6289
맛집 198,중구 198번길 44,냉면,송파구,02-3139-8951
맛집 199,성동구 199번길 88,한식,강남구,02-2631-8529
맛집 200,강남구 200번길 16,일식,강서구,02-8479-1011
맛집 201,동작구 201번길 26,일식,중구,02-3604-5489
맛집 202,서초구 202번길 84,족발,중구,02-2350-7092
맛집 203,마포구 203번길 7,보쌈,중구,02-4836-8032
맛집 204,서초구 204번길 91,중식,강남구,02-4496-8812
맛집 205,서초구 205번길 17,국수,용산구,02-9510-8291
맛집 206,강남구 206번길 2,족발,서초구,02-7919-3165
맛집 207,강서구 207번길 10,분식,동작구,02-2463-2678
맛집 208,서초구 208번길 41,족발,중구,02-3246-7270
맛집 209,마포구 209번길 83,일식,서초구,02-9691-1138
맛집 210,송파구 210번길 84,일식,강서구,02-6753-4490
맛집 211,마포구 211번길 53,국수,강서구,02-4559-2420
맛집 212,서초구 212번길 18,중식,송파구,02-7291-6759
맛집 213,동작구 213번길 41,일식,용산구,02-5537-2380
맛집 214,용산구 214번길 71,국수,송파구,02-5668-1439
맛집 215,중구 215번길 27,냉면,송파구,02-9348-4090
맛집 216,동작구 216번길 38,한식,용산구,02-9108-7322
맛집 217,서초구 217번길 31,설렁탕,송파구,02-2163-9655
맛집 218,강남구 218번길 47,족발,마포구,02-7337-7895
맛집 219,성동구 219번길 70,일식,강서구,02-2195-1273
맛집 220,송파구 220번길 9,한식,중구,02-4534-1652
맛집 221,강남구 221번길 51,냉면,중구,02-9209-7806
맛집 222,동작구 222번길 90,보쌈,서초구,02-9791-9808
맛집 223,송파구 223번길 20,카페,서초구,02-6077-2294
맛집 224,노원구 224번길 27,일식,노원구,02-6353-7401
맛집 225,송파구 225번길 82,중식,중구,02-8167-4909
맛집 226,강남구 226번길 32,중식,동작구,02-2900-8428
맛집 227,송파구 227번길 78,한식,중구,02-3877-2956
맛집 228,강남구 228번길 91,일식,강남구,02-3684-9133
맛집 229,성동구 229번길 67,냉면,중구,02-3735-7092
맛집 230,마포구 230번길 96,카페,서초구,02-1480-6488
맛집 231,동작구 231번길 35,냉면,서초구,02-5308-2262
맛집 232,강서구 232번길 59,냉면,성동구,02-1908-9185
맛집 233,송파구 233번길 22,족발,마포구,02-5179-2685
맛집 234,송파구 234번길 87,중식,용산구,02-9336-1042
맛집 235,강남구 235번길 2,분식,강남구,02-8729-6963
맛집 236,동작구 236번길 20,일식,강남구,02-7870-4678
맛집 237,성동구 237번길 32,보쌈,성동구,02-5444-2276
맛집 238,송파구 238번길 48,중식,노원구,02-1862-3938
맛집 239,용산구 239번길 67,한식,동작구,02-2129-8620
맛집 240,중구 240번길 100,카페,성동구,02-2415-8483
맛집 241,강남구 241번길 48,분식,중구,02-5979-4974
맛집 242,강서구 242번길 48,국수,강서구,02-4201-9954
맛집 243,용산구 243번길 20,한식,동작구,02-1391-4817
맛집 244,노원구 244번길 45,한식,성동구,02-1023-7164
맛집 245,중구 245번길 14,분식,노원구,02-4902-7878
맛집 246,강서구 246번길 8,일식,중구,02-2524-1719
맛집 247,용산구 247번길 67,보쌈,성동구,02-8511-2391
맛집 248,송파구 248번길 13,냉면,마포구,02-7461-2226
맛집 249,송파구 249번길 73,한식,동작구,02-3141-4879
맛집 250,중구 250번길 34,족발,동작구,02-6345-6211
맛집 251,강서구 251번길 35,분식,서초구,02-4321-3230
맛집 252,송파구 252번길 14,일식,서초구,02-3693-8365
맛집 253,강서구 253번길 41,보쌈,서초구,02-9780-6870
맛집 254,용산구 254번길 58,카페,강서구,02-5341-2964
맛집 255,서초구 255번길 21,카페,송파구,02-1660-4522
맛집 256,성동구 256번길 19,중식,용산구,02-6828-7492
맛집 257,노원구 257번길 7,카페,중구,02-3848-1509
맛집 258,동작구 258번길 58,냉면,노원구,02-5093-2551
맛집 259,강서구 259번길 14,일식,서초구,02-1195-2010
맛집 260,용산구 260번길 17,분식,동작구,02-7098-2376
맛집 261,송파구 261번길 76,카페,서초구,02-1357-2056
맛집 262,용산구 262번길 83,설렁탕,마포구,02-2506-6432
맛집 263,서초구 263번길 6,설렁탕,강남구,02-3752-8096
맛집 264,동작구 264번길 64,한식,동작구,02-7990-3831
맛집 265,성동구 265번길 28,일식,중구,02-5585-8307
맛집 266,마포구 266번길 5,국수,송파구,02-5026-5835
맛집 267,강서구 267번길 53,냉면,강서구,02-1999-2437
맛집 268,중구 268번길 50,일식,동작구,02-4267-9614
맛집 269,용산구 269번길 81,냉면,강남구,02-7266-6883
맛집 270,강서구 270번길 70,설렁탕,성동구,02-9231-6269
맛집 271,동작구 271번길 35,일식,강남구,02-6224-4588
맛집 272,강남구 272번길 100,카페,강남구,02-8728-9674
맛집 273,성동구 273번길 99,국수,용산구,02-3615-2640
맛집 274,용산구 274번길 85,분식,중구,02-9743-1916
맛집 275,용산구 275번길 74,보쌈,성동구,02-3846-3885
맛집 276,용산구 276번길 76,족발,성동구,02-1462-6761
맛집 277,송파구 277번길 73,일식,송파구,02-4084-9064
맛집 278,노원구 278번길 40,일식,강서구,02-1621-2478
맛집 279,강남구 279번길 30,국수,용산구,02-1326-9625
맛집 280,강서구 280번길 1,족발,송파구,02-4300-3137
맛집 281,성동구 281번길 92,일식,성동구,02-1975-1359
맛집 282,마포구 282번길 76,일식,서초구,02-9622-6978
맛집 283,서초구 283번길 48,보쌈,송파구,02-2655-6514
맛집 284,중구 284번길 42,일식,마포구,02-8157-8982
맛집 285,성동구 285번길 23,냉면,송파구,02-6846-4657
맛집 286,송파구 286번길 23,보쌈,중구,02-5825-3086
맛집 287,마포구 287번길 94,한식,송파구,02-7415-1530
맛집 288,마포구 288번길 78,족발,송파구,02-4619-2705
맛집 289,강서구 289번길 19,족발,서초구,02-4899-6682
맛집 290,성동구 290번길 22,중식,성동구,02-8317-1186
맛집 291,중구 291번길 27,분식,서초구,02-6742-5205
맛집 292,서초구 292번길 93,한식,강남구,02-7323-8179
맛집 293,동작구 293번길 22,보쌈,강서구,02-7204-6754
맛집 294,노원구 294번길 49,중식,강서구,02-4695-3664
맛집 295,강서구 295번길 10,한식,중구,02-1328-6221
맛집 296,중구 296번길 14,중식,성동구,02-3787-7151
맛집 297,마포구 297번길 94,중식,노원구,02-2525-6536
맛집 298,송파구 298번길 79,설렁탕,강남구,02-8066-3703
맛집 299,송파구 299번길 56,일식,강남구,02-2659-6424
맛집 300,용산구 300번길 25,보쌈,노원구,02-9849-5346
맛집 301,중구 301번길 39,분식,서초구,02-1813-7437
맛집 302,송파구 302번길 71,설렁탕,마포구,02-1893-6911
맛집 303,강남구 303번길 55,중식,중구,02-8869-4271
맛집 304,서초구 304번길 4,분식,마포구,02-5781-2342
맛집 305,강서구 305번길 15,카페,동작구,02-8715-9013
맛집 306,중구 306번길 12,냉면,동작구,02-4029-7078
맛집 307,동작구 307번길 48,일식,강서구,02-1731-5313
맛집 308,강서구 308번길 60,카페,용산구,02-5400-2009
맛집 309,마포구 309번길 97,중식,서초구,02-6632-9871
맛집 310,동작구 310번길 97,국수,용산구,02-1999-7342
맛집 311,노원구 311번길 54,냉면,강서구,02-4860-8803
맛집 312,중구 312번길 11,보쌈,강남구,02-9226-9467
맛집 313,송파구 313번길 87,국수,마포구,02-2970-8357
맛집 314,마포구 314번길 22,분식,용산구,02-3067-1699
맛집 315,동작구 315번길 11,보쌈,용산구,02-3422-5225
맛집 316,성동구 316번길 94,중식,서초구,02-7358-7510
맛집 317,노원구 317번길 42,카페,노원구,02-8506-1202
맛집 318,송파구 318번길 76,냉면,동작구,02-2843-7790
맛집 319,마포구 319번길 19,국수,송파구,02-2641-2730
맛집 320,송파구 320번길 100,중식,중구,02-9775-6633
맛집 321,동작구 321번길 34,보쌈,강서구,02-8750-1613
맛집 322,마포구 322번길 36,보쌈,마포구,02-7581-1635
맛집 323,동작구 323번길 43,분식,강남구,02-8785-5400
맛집 324,성동구 324번길 3,족발,중구,02-6094-5593
맛집 325,강서구 325번길 90,중식,용산구,02-3201-5923
맛집 326,강서구 326번길 100,족발,중구,02-7828-2462
맛집 327,용산구 327번길 57,분식,동작구,02-8937-9462
맛집 328,성동구 328번길 8,냉면,마포구,02-2075-6097
맛집 329,노원구 329번길 52,일식,노원구,02-1474-3846
맛집 330,용산구 330번길 26,한식,용산구,02-1541-8478
맛집 331,강남구 331번길 47,분식,중구,02-7035-8605
맛집 332,노원구 332번길 51,중식,강남구,02-4963-7102
맛집 333,강서구 333번길 77,설렁탕,마포구,02-8775-6730
맛집 334,성동구 334번길 21,카페,서초구,02-5670-1449
맛집 335,동작구 335번길 7,일식,송파구,02-4511-4626
맛집 336,용산구 336번길 87,분식,중구,02-7709-9409
맛집 337,강남구 337번길 100,한식,강서구,02-3167-3837
맛집 338,송파구 338번길 2,분식,중구,02-6004-5511
맛집 339,동작구 339번길 49,족발,강서구,02-5128-4575
맛집 340,강서구 340번길 39,냉면,송파구,02-7506-2676
맛집 341,강남구 341번길 66,족발,노원구,02-5631-5890
맛집 342,서초구 342번길 62,중식,성동구,02-5529-6327
맛집 343,중구 343번길 34,카페,용산구,02-3456-9475
맛집 344,용산구 344번길 8,국수,동작구,02-6236-3292
맛집 345,강남구 345번길 84,설렁탕,중구,02-5250-7857
맛집 346,동작구 346번길 50,한식,송파구,02-4111-6622
맛집 347,용산구 347번길 88,냉면,강서구,02-6873-9311
맛집 348,중구 348번길 22,냉면,마포구,02-5813-2599
맛집 349,강서구 349번길 17,카페,노원구,02-3999-6499
맛집 350,서초구 350번길 29,족발,용산구,02-6031-7889
